{"cameraMode":{"drawMode":0,"name":"Shaded","section":"Shading Mode"},"sceneLighting":true,"audioPlay":false,"sceneViewState":{"m_AlwaysRefresh":false,"showFog":true,"showSkybox":true,"showFlares":true,"showImageEffects":true,"showParticleSystems":true,"showVisualEffectGraphs":true,"m_FxEnabled":true},"in2DMode":false,"pivot":{"x":1.6628901958465577,"y":1.2514032125473023,"z":-0.1945309042930603},"rotation":{"x":-0.1422613114118576,"y":0.02761922776699066,"z":-0.0039931233040988449,"w":-0.9894583225250244},"size":6.098006248474121,"orthographic":true}